{"accuracy": [0.12595663964748383], "loss": [3.390984058380127], "val_accuracy": [0.1302083283662796], "val_loss": [3.267632246017456]}