{"loss": [3.390350341796875], "accuracy": [0.11479591578245163], "val_loss": [3.3055288791656494], "val_accuracy": [0.1432291716337204]}